Metric,Classical,Quantum
SNR (dB),11.1924833954419,19.0054494088273
RMS Error,0.223522201748937,0.0887696369876399
Noise Std Dev (sigma),0.21795120410729,0.088656579591798
